{
  "feature_names": [
    "delta",
    "tool_error",
    "direction",
    "direction_probed",
    "kb_top_score",
    "kb_hits",
    "kb_probed",
    "memory_hits",
    "memory_probed",
    "familiarity",
    "familiarity_probed",
    "repeated_tool",
    "is_user_turn",
    "reducibility",
    "reducibility_probed"
  ],
  "mu": [
    0.731860701759972,
    0.1743119266055046,
    0.0,
    0.0,
    16.681116389093937,
    2.981651376146789,
    1.0,
    2.302752293577982,
    1.0,
    0.4219726829384483,
    1.0,
    0.25688073394495414,
    0.41284403669724773,
    0.0,
    0.0
  ],
  "sigma": [
    0.37370642899524625,
    0.37937748858963927,
    1.0,
    1.0,
    5.3661437083450885,
    0.19068449257639014,
    1.0,
    1.070921639908828,
    1.0,
    0.37400530579290653,
    1.0,
    0.436913060542776,
    0.4923452427522469,
    1.0,
    1.0
  ],
  "w": [
    0.6136527151570303,
    2.293835419633387,
    0.0,
    0.0,
    0.594138014439248,
    0.07767437129442882,
    0.0,
    -0.3277451363270971,
    0.0,
    1.1587356737731727,
    0.0,
    1.3242642968137481,
    -1.4703998882858225,
    0.0,
    0.0
  ],
  "b": -1.9003711017465659,
  "threshold": 0.5,
  "meta": {
    "dataset": "data/router/dataset.jsonl",
    "n": 109,
    "n_error": 30,
    "cv": {
      "TP_err": 29,
      "FN": 1,
      "FP": 1,
      "TN_nov": 78,
      "accuracy": 0.982,
      "recall_error": 0.967,
      "recall_novelty": 0.987,
      "balanced_accuracy": 0.977,
      "p_perm": 0.0
    },
    "heuristic": {
      "TP_err": 19,
      "FN": 11,
      "FP": 0,
      "TN_nov": 79,
      "accuracy": 0.899,
      "recall_error": 0.633,
      "recall_novelty": 1.0,
      "balanced_accuracy": 0.817
    },
    "folds": 5,
    "epochs": 3000,
    "lr": 0.5,
    "l2": 0.01,
    "seed": 0
  }
}