{
  "feature_names": [
    "delta",
    "tool_error",
    "direction",
    "direction_probed",
    "kb_top_score",
    "kb_hits",
    "kb_probed",
    "memory_hits",
    "memory_probed",
    "familiarity",
    "familiarity_probed",
    "repeated_tool",
    "is_user_turn",
    "reducibility",
    "reducibility_probed"
  ],
  "mu": [
    0.7302196813217227,
    0.16666666666666666,
    0.0,
    0.0,
    16.619421143214804,
    2.9814814814814814,
    1.0,
    2.2962962962962963,
    1.0,
    0.41662057815084136,
    1.0,
    0.09259259259259259,
    0.4074074074074074,
    0.0,
    0.0
  ],
  "sigma": [
    0.37504143694651904,
    0.3726779962499653,
    1.0,
    1.0,
    5.352311296643023,
    0.19155704505164073,
    1.0,
    1.073754741801794,
    1.0,
    0.37155463374921416,
    1.0,
    0.2898606637499726,
    0.4913518207933928,
    1.0,
    1.0
  ],
  "w": [
    0.3863957657302358,
    2.2530618843812977,
    0.0,
    0.0,
    0.5894705038499908,
    0.08151872771521639,
    0.0,
    -0.317207163599227,
    0.0,
    0.9004743308918561,
    0.0,
    1.394986932782974,
    -0.801654016270164,
    0.0,
    0.0
  ],
  "b": -1.7427330880656267,
  "threshold": 0.5,
  "meta": {
    "dataset": "data/router/dataset.jsonl",
    "n": 108,
    "n_error": 29,
    "cv": {
      "TP_err": 28,
      "FN": 1,
      "FP": 1,
      "TN_nov": 78,
      "accuracy": 0.981,
      "recall_error": 0.966,
      "recall_novelty": 0.987,
      "balanced_accuracy": 0.976,
      "p_perm": 0.0
    },
    "heuristic": {
      "TP_err": 18,
      "FN": 11,
      "FP": 0,
      "TN_nov": 79,
      "accuracy": 0.898,
      "recall_error": 0.621,
      "recall_novelty": 1.0,
      "balanced_accuracy": 0.81
    },
    "rubric": {
      "TP_err": 28,
      "FN": 1,
      "FP": 0,
      "TN_nov": 79,
      "accuracy": 0.991,
      "recall_error": 0.966,
      "recall_novelty": 1.0,
      "balanced_accuracy": 0.983
    },
    "folds": 5,
    "epochs": 3000,
    "lr": 0.5,
    "l2": 0.01,
    "seed": 0
  }
}