{
  "feature_names": [
    "delta",
    "tool_error",
    "direction",
    "direction_probed",
    "kb_top_score",
    "kb_hits",
    "kb_probed",
    "memory_hits",
    "memory_probed",
    "familiarity",
    "familiarity_probed",
    "repeated_tool",
    "is_user_turn",
    "reducibility",
    "reducibility_probed"
  ],
  "mu": [
    0.7302196813217227,
    0.16666666666666666,
    0.001198448171770131,
    0.9166666666666666,
    16.619421143214804,
    2.9814814814814814,
    1.0,
    2.2962962962962963,
    1.0,
    0.41662057815084136,
    1.0,
    0.09259259259259259,
    0.4074074074074074,
    0.0,
    0.0
  ],
  "sigma": [
    0.37504143694651904,
    0.3726779962499653,
    0.2199487359190119,
    0.2763853991962835,
    5.352311296643022,
    0.19155704505164073,
    1.0,
    1.073754741801794,
    1.0,
    0.37155463374921416,
    1.0,
    0.2898606637499726,
    0.4913518207933928,
    1.0,
    1.0
  ],
  "w": [
    0.38544846314801534,
    2.009144323872754,
    -0.6394312017337963,
    -0.1967600123157855,
    0.6353523421638699,
    0.08284085751144715,
    0.0,
    -0.2825943455066064,
    0.0,
    0.9006296446334283,
    0.0,
    1.4052416494250481,
    -0.7473765967749373,
    0.0,
    0.0
  ],
  "b": -1.8147925982880453,
  "threshold": 0.5,
  "meta": {
    "dataset": "data/router/dataset.jsonl",
    "n": 108,
    "n_error": 29,
    "cv": {
      "TP_err": 28,
      "FN": 1,
      "FP": 1,
      "TN_nov": 78,
      "accuracy": 0.981,
      "recall_error": 0.966,
      "recall_novelty": 0.987,
      "balanced_accuracy": 0.976,
      "p_perm": 0.0
    },
    "heuristic": {
      "TP_err": 18,
      "FN": 11,
      "FP": 26,
      "TN_nov": 53,
      "accuracy": 0.657,
      "recall_error": 0.621,
      "recall_novelty": 0.671,
      "balanced_accuracy": 0.646
    },
    "rubric": {
      "TP_err": 28,
      "FN": 1,
      "FP": 0,
      "TN_nov": 79,
      "accuracy": 0.991,
      "recall_error": 0.966,
      "recall_novelty": 1.0,
      "balanced_accuracy": 0.983
    },
    "folds": 5,
    "epochs": 3000,
    "lr": 0.5,
    "l2": 0.01,
    "seed": 0
  }
}